{
  "g_loss": [
    2.1011677749900737,
    1.4167377631633709,
    1.4040333501294129,
    1.3958107989567976,
    1.410284266894699,
    1.4087742653667417,
    1.392689019568965,
    1.3484865179938128,
    1.2921334297483802,
    1.266602807192721,
    1.2841193660711632,
    1.2589042559902892,
    1.2321146018484719,
    1.2266437981882665,
    1.191848157435401,
    1.1809921273563662,
    1.173904895145669,
    1.165001152544959,
    1.146700185843003,
    1.1681693871306558
  ],
  "d_loss": [
    0.9128235654953198,
    1.0735255496369467,
    1.087832464112176,
    1.085385302320505,
    1.1097792188326518,
    1.1139311524283173,
    1.123994472062486,
    1.1377816424410567,
    1.15292632770844,
    1.1612211267153423,
    1.168806687888936,
    1.1783608789117928,
    1.1857680031377027,
    1.188968000248966,
    1.1947849657800462,
    1.2002622095438151,
    1.2032014602779324,
    1.204423111728114,
    1.2110232749046423,
    1.2140414360751453
  ],
  "is_mean": [
    1.0000801086425781,
    1.000084638595581,
    1.0000967979431152,
    1.0000998973846436
  ],
  "is_std": [
    6.582900368812261e-06,
    6.848778411949752e-06,
    5.010053428122774e-06,
    8.148720553435851e-06
  ]
}